Cell Line Name,VEGFA,SLC2A1,PGAM1,ENO1,LDHA,TPI1,P4HA1,MRPS17,CDKN3,ADM,NDRG1,TUBB6,ALDOA,MIF,ACOT7,MCTS1,PSRC1,PSMA7,ANLN,TUBA1B,MAD2L2,GPI,TUBA1C,MAP7D1,DDIT4,BNIP3,GAPDH,MRPL13,CHCHD2,YKT6,CORO1C,SEC61G,ANKRD37,ESRP1,PFKP,SHCBP1,KIF20A,SLC25A32,SLC16A1,MRPL15,KIF4A,LRRC42,PGK1,HK2,CA9,HILPDA,PNP,MRGBP,CTSV,UTP11,AK4,BuffaScore,Hypoxia
HS294T,1.9183862344463478,3.1613502657043027,7.031071659399941,7.826590856567166,5.799260032209006,7.1187450097157665,3.6622054996536164,3.260778431893426,2.0189901753847534,0.82273014794452,2.2213615566688727,3.1008575382429306,5.602268586690273,7.877662462197576,3.3604919769233623,3.6158870739160567,1.6372713739871978,6.907631790130579,2.5224034749662123,7.50393502893485,2.575581264426847,4.2874896781389165,5.572889668420581,2.7363550940340016,5.266786540694901,5.166514610409004,9.009615905619606,3.0461417816447205,8.258330472612426,5.13756207349694,2.756236761126335,6.550131104144458,2.0542696625281214,0.8237493603082727,1.7293714931978568,2.031092670490854,2.3625700793847084,2.3706292910328384,2.428611418467134,4.285402218862249,3.1462207408510436,2.5738592215759493,7.060603299818705,3.8172821545329207,2.1516423745930924,2.2720231890610485,2.237257770900372,6.109987318536913,1.681074393274161,3.5835190838514874,1.0027025203798234,3.1613502657043027,CNTR
697,0.8217918362075559,1.9360882361798069,6.981167667105682,7.915530859679376,5.490409679460006,6.265599420133479,1.547379317913,3.212569338850806,2.8381450033123596,0.005399987742589676,0.3535114974172748,3.307532611988648,5.188682247675498,8.189066780314793,3.7504116118881985,3.0071955014042038,1.9297909977185974,6.259272487037595,1.3626317317015866,8.630499211869134,4.837943241891027,3.7378775982946673,5.014404889726336,2.790130412305109,3.5741015080893894,3.925999418556223,8.731997786643742,3.2496620433079344,8.70402465787508,3.2178953995039716,1.6823367317914382,4.9449253596101475,0.8359240742543751,0.016950068929937386,3.1276332797258735,2.4129750328219512,3.079195225266739,2.273515889702116,2.9527994778999385,4.863112495720649,3.5821545295062833,2.4318903482861804,5.730950429913984,2.957914598632985,0.009586048829197932,3.269407240854037,4.527555198794536,5.275379596253622,0.04730571477835682,3.6099912952126787,1.8489984304000229,3.2496620433079344,CNTR
HUPT3,0.7370810051530994,3.5863644395121494,5.842643672060743,8.192103730935447,5.1770041946609355,6.6623795900517635,1.5424349481842676,3.6357543912777603,3.451013242943973,1.4025857582325874,1.573697674625342,3.451069779681329,5.282412346805899,6.863153804688307,2.6835943852526767,3.192419639229399,1.6564083610954299,5.880563091770077,2.8993243849314245,6.9047851297316,2.5910942637981718,3.3454965660257665,5.465938197204556,2.5099881122603933,5.142821844115928,2.922197848396367,8.521172474867415,4.186772191945524,8.028900615734333,3.3132458517875616,4.032518497780746,5.559579214837203,0.7355221772965375,2.015977574763765,2.474219698490536,2.3907462872672185,2.498615598926782,1.8148921728512752,3.6003589675447687,4.279223643933124,3.048468709634476,3.0068365773966583,5.644886318373214,3.546791590263657,0.8770898180752765,1.9827654625836462,4.487598894723252,5.367720513401452,2.996388746447621,3.346531462028019,1.5490530293372882,3.346531462028019,CNTR
SW1990,0.5945485495503542,3.8609627978581167,6.807870078299782,7.332707933640605,5.190071574554088,7.033374054310491,1.5690743890123189,3.9546616208378977,4.556122817841175,1.882153917287012,0.45171665350929174,3.284133357706675,5.3238904279635335,7.836050355058069,3.7336501465898264,3.0920624266174745,1.7153865393318217,7.415248816083297,3.5743810188993095,8.180294586319597,3.0075942011555017,3.4843656317999314,6.256821968968633,2.4990363283017603,4.882153917287012,0.41142624572646497,8.855064676142504,3.8346245440290905,8.568298175968202,3.740927560318628,1.8670640998900105,6.555158800951352,0.47335399486966684,0.5849625007211562,3.5695518510836126,2.6375771268845782,2.718087583960517,2.131479736122165,2.0673805780190597,5.4878936148165725,2.407805930047768,2.7769461918570877,5.220219382352895,2.1243281350022016,0.00480098626382128,1.4698859762744636,4.191700818138747,6.45038647903429,1.7879895971906732,3.2237314451381063,2.1984941536390834,3.4843656317999314,CNTR
CAL120,1.1882743113212042,3.8078700782997816,6.981167667105682,8.221184302599369,5.743117725223926,6.743143912205165,2.905240858389426,3.621172752683435,3.707303908247276,4.852435875535618,0.572081209424424,4.835491027563179,6.1453377977388834,6.773688700171731,3.100518994075786,4.071370419422501,1.739515799337064,6.159804076700478,2.241370861816586,7.3179100090605695,2.3292830894143743,4.241077458175037,5.596736410374949,2.750111725165391,3.387270623086234,5.51853513898218,8.722841677393637,3.8304291882337203,8.02178506850753,3.1004971497883593,2.581922046401105,5.845812605079244,0.9683980026141712,0.08158753449626181,4.252160795117172,2.1744977312321363,3.125273234964523,2.3941482542946293,3.674404153937691,4.723194474393606,3.3798981635246923,3.352476059050329,6.141099919926029,3.3542640770070524,0.5126482959052662,1.9504684141501227,3.0531113364595623,5.2600256559614555,2.5631581304028077,3.7452373321297494,1.3448284969974411,3.674404153937691,CASE
HCC1937,2.2938412992667394,3.6524864949181644,5.9842095638435895,7.663890128984856,4.735477047241294,6.7397281130921645,1.2698880768748564,3.6808869207196917,4.780835001738229,2.950235100485688,1.3671846588983652,3.431049817267475,6.605520672660548,7.214448649894127,3.418435304245828,3.3872049639650084,2.53681805275928,6.573243226819824,3.528859790569834,7.506496026721361,2.8751247393956763,4.40815238259876,5.825248558270096,2.5037401337159952,5.742185907577548,3.7554217347342425,9.19258132462889,4.119000380653091,7.869254527115468,3.6103288466978145,2.009460329249066,5.937546172384257,0.9107326619029126,3.6724253419714956,2.034157010732062,3.4657879372504783,3.926406136138456,1.9628574558565468,4.527085978807456,5.272147639787103,3.695622701843316,2.9508416375491486,5.60462205957041,2.619804249933457,0.04730571477835682,1.836934011321092,3.5518235957212565,5.7636771418966,4.652677694314229,3.2702299072379977,1.2380225178257205,3.6724253419714956,CASE
CAKI2,2.0832474137479364,5.485641497960146,8.212050477114989,9.197613973495493,6.7602098555948436,7.293395009615779,2.906615770378449,3.425593577653059,3.0731347046302155,2.9474323894713654,2.441837558622559,4.014737852321926,7.287428514733639,8.600581978500909,3.7735168810733657,3.2043196113233137,1.640478552131024,6.240791332161956,2.8942581091827813,8.071965072954029,2.5796092662269494,5.761519945685264,6.515682319112209,2.3954847018574434,5.497505921154454,7.711219556894335,9.5904934868915,3.237476311390207,7.67627446147456,3.43753213706593,2.1841967591979765,6.571200050756409,1.611172380044005,0.018245708928009766,5.331723128274878,1.7564133563944289,2.487265826834023,1.6780719051126376,2.109778429078662,4.594548549550354,3.1494761654160106,2.882447416431731,7.957085453998794,4.028569152196771,0.2630344058337938,2.229587922740652,2.655351828612554,5.937579799679659,1.3045110418099528,3.200692666154717,3.2720231890610485,3.2720231890610485,CNTR
HUG1N,3.2623128779163344,3.5474086980113806,6.985310669424807,8.115034977487365,3.1896269158848605,6.8398616358279,2.2565793836964945,4.519164449806069,2.714355433101084,0.44095219802963675,2.0071955014042038,2.186545833579815,6.29092675402503,6.568893490895564,2.3571680878976147,3.8763415322489116,1.6860263747282183,6.460087240116833,2.833279352998811,7.463534590621975,2.2223924213364477,4.2624154700668635,6.324870594481927,1.3908369762241293,3.156504485679991,3.5897634869849773,8.959494871822045,3.3460451056774567,8.81464654866029,4.596168453734781,1.7621809400307031,6.113027710037613,0.5058909297299573,3.1337727354259908,2.6162792704770936,1.5410191531335593,2.366971593116311,2.7683607904417404,3.7919442724200607,5.241204607079265,3.6411606424040808,3.1338922701975562,6.518467696538165,2.523561956057013,0.9158395523360015,2.956521363333119,3.524189078449365,5.971773447193373,2.5025003405291835,3.520045024039818,0.41142624572646497,3.2623128779163344,CNTR
KMRC20,3.1377002414796067,5.7444302299879215,7.216584202635622,8.533998032685497,5.39334755137725,6.561071508761118,3.2043196113233137,3.491211756003092,2.3892914620069723,3.0312187306107203,4.1073530984482955,3.193433836136466,6.790265221907544,7.419566981097043,2.6214391931224235,3.2660368939953175,1.600416153127669,6.061920171943467,2.891269615020649,7.848051695365315,2.8606317906200256,4.248061503664652,5.945768950754699,3.0082993232184867,4.867237548685066,5.514753498439753,8.949114669371504,3.3438138721290587,8.071381912634715,4.074921293796081,3.3955679574791815,6.322778004069947,0.6989592715864614,0.03242147769237742,3.908012255606844,2.819668183496456,2.823749360308273,2.0658020583957466,3.4389581478975493,5.240187101939044,3.4576818366873376,3.301880252839032,5.968814880893922,1.6151023607931534,0.11103131238874395,2.859472666851937,0.9068905956085185,5.142821844115928,2.474219698490536,3.6762674082658897,0.9541963103868752,3.4389581478975493,CNTR
NCIH2122,1.6272332764908748,4.726195448487707,7.5434185499294175,8.151278746351498,5.652797181070319,6.224880640823008,1.972430083243527,3.158660175346498,3.1578521691417376,1.6959938131099002,1.6509177033281697,0.31614574229335635,5.677936228626508,7.67075065552094,2.1378015704488336,2.787790645933254,0.9866209701988001,6.123052252839262,2.2455892713743846,6.619578077631354,1.9200815284615054,5.174397018364635,5.04904985568096,1.6186000974214436,7.167551954818397,5.203201156316611,8.88829576142349,3.0627631619083284,8.258236237330973,3.335875212719288,1.8036621073190717,6.032636148482282,1.7669484603819205,2.557153841797151,3.8339863831726726,1.6546973967388288,2.6435263932157644,1.2326607567902748,1.3936907641874539,4.581752944245266,2.2058095371408437,2.110363243360418,6.004469289184374,3.4431645815959833,2.3996268496413,1.1811025507537978,3.6220518194563764,5.609695872862739,1.581752944245266,3.344260394985419,1.3255303315675577,3.1578521691417376,CNTR
EFM19,0.8454298328511517,4.279842693520348,6.12474169241965,6.795953055349871,3.3731261577589233,5.756786097654967,1.8347689940958833,3.111865963867557,2.380175311742025,1.9025560053446273,0.33151414371656035,0.7055040323923729,5.513642802142419,6.789685785577568,1.2061885454290842,2.8365012677171206,0.9148588609510228,6.989082225117281,2.0002774146803834,6.818837781864906,1.918386234446348,3.5500314839559715,4.788975658770727,2.21340710612195,4.663724126152671,3.6005076453457856,8.222688658651876,3.3637718245944614,7.887616654779764,3.3850365348555713,1.6449491866171042,5.018557876727371,0.47508488294878265,2.418312631311705,0.025028794491522444,1.4698859762744636,1.9687490660155604,1.7520349158838544,1.2410774581750368,4.58476211249375,2.947977787651718,2.9350825233186617,5.744122643697625,3.19377174339668,2.3151797596386605,3.378164779871631,3.032762073813794,6.672990993827748,1.2590213433271706,3.4662355621504046,2.293885430302371,3.032762073813794,CNTR
NCIH522,1.1380280447667612,2.559083868895551,6.686173666039418,7.921721947009605,4.744071372939647,5.938102790039336,2.8292696984860446,4.7379571062135915,2.285698125958125,5.982965062652869,0.055658427314541646,4.735947619854204,4.43253880729379,7.07845328377213,4.2729054261011035,3.41973149481704,1.6787653418195179,6.0304464394374415,2.4770794844567217,7.206306225009925,3.6622054996536164,3.593283459064651,5.058364603867029,3.531357465388853,3.261029269943417,4.533874777258546,7.739956084813886,4.4359142856681055,8.291124642879108,4.3307632555570095,2.097078469565138,5.9785225267987885,0.6825732973475784,0.22426483566921854,2.1229487534640117,2.1496310025549725,2.773694978887437,1.1462207408510439,4.388103413821378,3.7387678368001915,4.245901256030601,3.631569968309523,5.965817260171875,3.189033824390017,0.04264433740849372,3.2391688786654482,2.7567564513072744,5.981396031972149,4.132576842670009,4.015426203609608,1.7295527704539713,3.7387678368001915,CASE
SKHEP1,0.9536749844494872,3.492707773511596,7.480049649715792,8.514898118318488,6.084808387804362,6.927396089450965,1.9314129147425874,3.835924074254375,3.0499792027077914,3.19021976366016,0.433671673417895,5.290466533113529,5.505267565117942,7.7225343322782525,2.6721167110919595,3.6239337322339886,1.7458165117484716,6.184677020680892,3.2589827019525814,7.9769077517786515,2.8823169797388264,4.080607506200196,6.339275977094341,2.9767866100942246,4.439623137557117,6.392489161966022,9.39400816335993,3.0925457415435655,8.220450883877781,3.7293196955121535,3.4105696232128926,6.022114130059472,0.987927167699425,0.016950068929937386,4.719137796408674,1.1799659438716494,2.8070604644505224,1.814892172851275,2.5990201773916755,4.964244588634527,3.6147098441152083,2.8773516264492622,6.650703023382329,3.591360271919307,0.47854044158500186,2.2637856138908026,3.086613947409496,5.122258567811998,1.6229303509201767,3.5808690629928686,1.2141248053528473,3.5808690629928686,CNTR
SNU1105,3.5751186673485473,5.89388799637773,8.16678238360654,9.429685698355549,6.885238786495926,7.554324503901141,4.586936268149172,3.446917864866026,3.067466629436632,3.036942844798256,2.7311832415722,5.203313040844248,6.680042992622571,8.04483123344781,3.743867437115506,3.3049281865405993,2.482252579375098,6.297497143545933,4.138575058224566,8.765895209337101,3.4154882710497003,4.382992678797486,5.173438402220947,4.598585089243224,5.1036375102779665,7.418063419796863,9.619306624057026,3.0151203102504383,8.591466245867245,4.870716983055034,3.5899526722162687,7.123663240689956,1.5647846187835257,0.02212566207129281,4.277798821010329,3.119830435768762,3.8609627978581167,2.1683211157397224,3.395748328179034,4.230612928141416,3.9797205162424825,3.1361913862871442,7.742593351127593,4.171260212126132,5.022959566539987,3.4137971501892115,1.6701605141266334,5.4276061727819,0.7963208717826274,3.8379432418910273,2.7398481026993275,4.171260212126132,CASE
HLF,1.631150857725145,4.7099338960471595,8.565660637605978,9.359625121593565,7.550554413219362,7.589047686900391,3.5342750872723063,3.767125077269071,3.138978253319883,4.3269687115878925,0.747888621350998,6.294870146858547,6.940188506487204,8.051118288048425,3.365081678697504,3.9385546504463083,2.0099534740294236,6.868040561608993,3.903928181752657,8.529747756003307,2.7544124626330357,4.3157196532029,6.791394453823958,3.6078082873577038,4.131479736122165,8.268542000300123,9.336952800160514,3.0971291758438193,8.293632577954385,4.251827277154088,3.7319263537201572,6.773770321344613,2.023255352300303,0.01565326431148558,5.417515002885087,3.2461908956703796,3.6471500154997667,1.9915596371993471,2.889230152392887,5.238022517825721,4.5410191531335595,4.041067717086688,7.600454547890032,3.933572638261024,0.7935491225325737,2.761285273361619,3.7050102529818254,5.865423978313134,2.6499985941183475,4.072105800480419,3.9627803538048014,4.041067717086688,CASE
U937,2.8482373356932267,2.2710271965873243,6.668128582222042,8.59710280123173,4.524607008649532,5.805808348701468,2.44927837300232,3.2794712956444676,3.4368281188445526,0.18428029441938237,2.18152665453899,2.401123320154101,5.760230804947524,7.1076181317897245,2.7816458395377395,3.444174828066177,1.9924895682879382,5.9638979304553414,1.8177806624584956,7.8053488903946455,3.5089919852375266,5.6121963619868005,4.743024196410483,2.0698607713583237,4.109917692078035,3.9611602581366396,8.090710550847936,3.6967887302278615,8.486975765433304,2.9432515827779886,1.6832827613603463,5.480495949568257,0.846660458992136,0.013056152825446284,2.953730849811491,1.8825033142616412,2.4687694832166334,2.0588936890535683,2.7341676611507615,4.736063627871814,3.6170633438881805,2.4499574836280034,6.617735067816455,3.880359012859394,0.0,2.4229057426121834,4.034193701390649,5.146899560343589,1.4041765066470768,3.9849538513853373,1.0678107837896216,3.4368281188445526,CNTR
SKMEL3,0.594166328050996,1.7718855785153655,6.5453506448223,8.39313300190094,5.125000105617942,6.979275924130427,2.584962500721156,4.1346316714476465,2.6028844087184186,0.12432813500220177,0.11946685135532101,3.0082205068049683,6.3668208374658395,7.309248960816616,4.070389327891398,3.0095007403088827,2.0830169362191473,7.550849373383065,3.402533286100305,8.075425665826002,2.9947808387404873,4.495206056061077,5.111170454505927,2.9473064990670044,3.845991770664573,3.5397791916984938,8.569183459615111,3.1351595832816357,9.445242512917403,5.005849075696688,2.901311525393444,6.446279864935819,1.924733341212231,1.8800621192644356,3.8518323114539372,2.8579809951275723,2.4828482830684653,2.2873737873834856,3.2406959442125096,4.78432948095888,2.8797057662822882,2.7548875021634687,6.621444902021922,3.450661409009565,0.009586048829197932,2.9523335663696857,0.08065766334522519,6.247357916131104,3.013164459198448,3.907467558240039,1.2226500224514774,3.2406959442125096,CNTR
LU65,1.809661389440773,3.207372304985536,8.574530457323354,8.6238753949645,6.172944152651993,6.587364990936461,2.251827277154088,4.817111572795697,3.016496319896196,0.7527485914071338,1.0745054363636297,0.867331697870395,5.597211113664331,7.682760550906266,3.2419788175955166,4.165797115819636,1.7487914825284006,5.900504579655402,3.441258730494593,7.538751541317808,2.797704752023885,5.028361136185901,5.877144365404655,2.126871225808575,6.290080302281433,3.5680321047712793,8.901409979999464,3.2145689164971545,9.392714538628512,4.595401357425804,2.066769012212701,7.257091460328346,0.7498917686104764,0.018245708928009766,2.832721268034262,2.7001226074593254,3.409875794163065,2.038553240769393,2.579843886211581,4.729915256647056,3.675439592304637,2.5395310714741504,6.312727400263353,3.4360729787902073,0.7655347463629772,1.7538184431735429,3.74819284958946,5.139960569545456,0.6415460290875237,3.687732594759344,1.2517190926059598,3.4360729787902073,CNTR
NCIH460,0.7827440363952001,4.760309670370531,7.9950887410337765,8.928335775310282,6.150195775305178,6.6750631552402995,2.899728069714102,2.587364990936461,4.0071057787734405,1.456806149230474,0.30645668612492255,3.4574629646485517,6.340179799443585,7.335271241827205,2.785645656722374,3.9569859246125763,1.6887828982148025,6.55530490552906,2.6466943956150057,8.605016447911364,2.3806678882619874,4.919424215230876,6.422382526002235,1.991094446778108,5.340680945869395,6.042972583219524,9.225829216587172,2.9771490608719624,6.95303237725324,3.594548549550354,2.1390558289230697,4.732346736654661,0.5343936763185192,0.009151698369530266,3.978882028096418,2.950735012144208,3.1588909511673355,1.707082991771706,2.724104519866845,4.691720259087906,3.6919063292552994,2.1130336652998913,6.925338257839431,3.033863451866284,0.0,2.6865005271832185,4.412358137208984,5.857980995127572,0.9335726382610241,3.4531224465958124,1.3540289380543864,3.4574629646485517,CNTR
HUH7,1.4792305612063361,2.8155754288625725,7.3837330884948695,7.881001763697075,5.441657763720118,7.081675755024395,3.115794258414705,3.8509993947164736,3.528196219408345,1.9736112755194717,1.6207427916824126,4.855242251454154,5.623418192889079,6.539158811108031,2.504967013565887,2.125273234964523,1.3232591991253149,6.244316259891207,2.438292851579147,7.478102206027686,2.6728024678502313,3.4662816333008624,6.0767681001359515,1.8136825420296154,3.4019034716079584,5.8370602037585995,8.674033333377169,3.7336642310759554,8.784356748283168,3.3122087623597594,2.857562002881575,6.9430505990017375,0.524398058683074,0.029854403988579328,0.10768786931437331,1.9781956296816516,2.944055238006767,1.8135246892978105,3.1313425391232608,4.159467729266766,3.099856236832067,2.8925853151926533,5.032100843167024,3.586964853632304,0.19324607567693142,2.4646682670034443,3.473299871141316,5.15623479785027,4.153805336079036,3.062467143500706,2.511594541537413,3.3122087623597594,CNTR
TUHR4TKB,4.1557816087742845,7.064185874882645,7.797899253763606,8.653704957155936,6.330715245152855,7.791430632539981,4.550988588287182,3.718087583960517,1.4441369565875917,4.663558104217273,4.442191550782571,4.88456303578638,6.137814677570707,7.736762700909814,2.74318200151119,3.384247206404264,0.9787588524258296,6.699907857520685,3.3359537169087634,7.974385907710458,2.441837558622559,3.436647861806319,6.128137566276704,3.208253120101412,7.309339922327373,7.079591448648193,9.78813102241602,3.0069391362252285,8.459820929823191,4.464668267003445,3.7224084995985427,7.344765103844245,2.0987339535853597,0.02728275439340474,5.632704448443689,1.5972757621600078,2.2474935549380155,1.7591558338002722,3.158660175346498,4.0,2.83255250216393,2.9934932210584155,8.16880819812745,3.5202126915443226,6.465920063212904,3.9136075118230993,1.908332569782425,5.9595383411126495,2.0908534304511135,3.9822178463155833,3.6950194423568394,4.0,CASE
NCIH1299,0.7877667699385674,2.6870606883398924,6.969204224167642,8.505427842592253,4.670892253542472,6.80748372836463,1.461678224397633,3.256255873202732,3.534684178291,2.064796645911805,0.18650055764449475,4.355640550360093,5.359622681511195,7.065371253124773,3.80913377336684,3.04788732939655,1.9419730547639638,6.392374671446092,3.0831478938773764,7.870557374326415,3.4026615479434548,3.9150709198396156,6.2597955627261825,2.858746147646642,2.853995647176393,4.428946344769483,9.42574042431621,3.8033746644771016,7.6124630854054836,3.7024992403193866,2.2628762069147377,5.296247621847988,0.6705382324272303,0.02856915219677092,2.9375013347710985,2.7715837910357823,3.608640298938474,2.3946055993740307,2.638653116466112,5.448460500816294,4.259774643339528,3.00611846138338,6.319065629371117,2.297680548640685,0.0,2.116863757690899,2.6481777957248185,5.993674361750585,2.763411574470007,3.707745639739058,2.8532471672421527,3.4026615479434548,CNTR
CAL33,2.161436265825987,4.521888295729068,7.148324042480083,7.94406779156827,4.291892058368382,5.852054341394107,2.2565793836964945,3.3483740751911633,2.3569888917924766,4.042534905539751,1.857980995127572,3.4539878341304764,6.030442352141079,6.689205960171449,2.9893041793921,2.6481366985708643,1.5595859378203634,6.175391529555316,3.25212682280171,6.597475306698854,2.48083955767459,3.620241391906436,5.297802805751973,3.0851108335981636,7.662751440083143,2.502075956045791,7.689872210438326,3.2376948187803847,8.423284022133878,3.9974214558982237,2.3234459225296153,6.0488215762232205,0.14186871631133674,3.2203299548795554,3.154345570139229,1.466906739199444,2.948867790789684,1.6345932684457567,3.553667688483063,4.941262844884728,2.3495540008649236,3.176641917656893,5.663629258814752,2.9164766444377164,0.6780719051126377,1.4841381312016693,2.527320607877047,5.904965718684027,3.9818526532897405,2.635986503745623,2.516330386825937,3.2376948187803847,CNTR
NCIH2030,1.539034702970754,4.275255424024696,7.808663917283456,8.512700963425246,6.443841446014483,7.05186751404264,3.3136604789037616,3.1594677292667654,4.28377364406262,2.536363792395467,1.219091058246197,3.3082610093705047,5.970691778256132,8.3017705324551,4.096307860543221,3.632101996818427,2.3485375070849535,7.053455311586859,3.111159751742569,8.042733244690238,3.3531664338601175,4.4196182018703585,5.594979754315811,2.9888594423947996,4.90416292803347,6.131445438095588,9.176594549030309,3.0932704104784614,7.925228034922506,3.5392474532413813,2.45278961937789,5.723480550547116,1.612745657234694,0.024706512564372087,5.411906386209066,3.6393975625089467,3.4811882106014638,1.9423581071558909,2.4525295446779265,5.938756261492295,2.9903498299662807,2.9553128034447056,6.303102287205185,3.4519803440771,0.014355292977070054,2.389566811762726,4.06177619758669,6.272209861124567,2.613531652917927,3.7557421793453893,2.9128893362299615,3.632101996818427,CASE
ABC1,1.1847246205018802,4.157447996274298,7.4174024813359996,7.873587657119335,5.12713455036639,5.893200392016476,2.657966591522946,4.132576842670009,3.174246607392406,3.676803353873854,1.6031218698399963,1.9368061735128062,5.904394891220864,8.610188209843557,2.151150339855234,2.8743754333782405,1.6372713739871978,6.395862551293055,4.394376944957054,8.117584665212979,2.5366055510958048,3.361272956779058,6.31015831794782,2.396538918229445,4.083213368248982,3.138323004056484,8.61947170326249,3.6774277010202683,8.992640988588626,4.222539627605734,2.152268828582992,5.999774561287003,0.8953026213333066,2.5930277504807986,0.2957230245399684,2.2638928974038386,2.8933622107638715,2.3996268496413,3.7831947033761537,4.593154544985243,2.9739173527542864,3.0211243400356063,5.094959890435022,1.99397621237223,0.03327615487429864,1.9634741239748859,4.634738459915802,5.40735275114004,5.777419715515831,3.1384868442748064,0.09085343045111348,3.361272956779058,CNTR
HT1197,0.6949247541199741,4.457900675525965,7.492867969130255,8.740888219276103,6.342519189660609,6.356984980518168,2.6448451273486175,2.7687136570304847,3.76202983527487,2.679198570566922,1.9549407350890933,4.9796334232728885,5.985508863542494,7.588139941290254,4.311991822119341,3.6902574435607556,1.2671900353251049,5.907090956006159,3.8787253414801053,8.33771109212829,2.8475515615781495,3.3031360643021213,6.9752429375760725,3.3263603412026232,3.5168556335062533,3.938285791884053,8.791648047513881,2.7246502717329673,7.39214566314514,3.6586195424464654,2.961135881905685,5.4593379340993975,1.7420062108667362,3.167737442204548,4.961970533384498,2.482479543119905,2.7679574086298326,1.6268284755313849,5.239741717680673,5.6323651675536395,3.212569338850806,3.060047383669939,5.450928433683513,3.1709932688298035,0.0,3.981396031972148,4.122983254080777,3.888499735514123,1.1634987322828796,3.906313402145773,3.1749256825006786,3.76202983527487,CASE
HT29,1.6035017263563798,4.988987583065718,6.503083665432824,8.032651889749824,5.5291311817614694,6.758800621428445,1.8941941348854665,3.5981269599196044,2.365412592490942,0.6299394094395399,1.1282934010098176,0.18450700849871882,5.512027844838459,7.2089008766165295,1.752748591407134,3.34076570906636,1.7827311350887818,6.58137635651308,1.833746420949005,7.352782796881308,1.8918511961443774,4.883850782818539,5.562683392342995,1.5790315775033754,4.940949760022194,0.5897634869849773,8.16125283749801,4.867261086557414,8.363258701707986,4.076143709596117,1.8175155494938449,6.001963047725816,0.6229303509201767,2.6611691552078685,3.0137599989554658,1.3391373849195856,2.068425141010884,2.0173280841399843,2.7578233362077267,4.385661113749449,3.265036758744942,2.961252884058208,6.3494866025307966,2.6561149574538807,4.441394946242683,2.9611602581366396,3.416501992867417,6.130107178658833,2.0646529583422537,3.50182126542091,1.5558161550616396,3.265036758744942,CNTR
KMS27,2.6148511624221036,1.7122289158446997,5.855408384001653,7.426152913542238,4.553437305754408,5.8314550425287175,1.4458780164804275,2.4905701304462013,2.6090457306755437,2.707635219545296,0.683771300356746,1.8341911070299195,5.029927260127933,7.2505826647875375,1.8804183842473274,3.2063306478710496,0.2841496322213642,5.150491980963099,0.6528835730218046,7.153045289503784,2.484854215517204,3.721629996385576,3.909986394360965,1.7109865275853728,6.765976680825275,0.19534759832221926,7.784144049485127,2.779709976305567,7.957827560833744,3.785251609541566,0.931583536827925,5.888499735514123,2.7438021715628644,0.12673262729361212,0.04030798865353699,2.8791456051256143,1.676783209144065,1.8073549220576042,2.7716215179232697,3.9417323448208195,2.337235347675211,1.7110543218120664,5.424778156944954,3.1747259877061333,0.023846741954367662,1.4005379295837286,2.711219556894335,3.855989697308481,0.10209818761873599,3.199436783558857,0.010779838753242763,2.711219556894335,CNTR
NCIH1437,2.162725652846203,2.1232247352995524,7.0823264837058435,7.908982989089636,5.621990790456563,5.9736622929016185,2.222097963729366,3.319762427669248,4.494095544940635,0.5197934862411001,1.2232165830503146,1.050626073069968,6.265391052612262,8.378150326254298,2.1824033829180705,3.8405351690016105,2.9132392613065408,5.488375754230577,2.729343602367413,7.303563871071399,2.445667855068648,3.9950588038389303,5.593386972638221,1.4271935615847815,6.34648418457751,4.169925001442312,8.344171608834719,3.931007606398613,8.553322100592505,2.9477997211196616,1.2721803881939622,5.9028660512015225,1.7893814883173447,3.2003502611276815,3.5213648784462195,2.9416429280405443,3.0217335219472816,1.8473288375266244,2.476705706668179,3.9190222031764566,3.4431645815959833,2.0628124924050213,6.515384460636948,2.106571664198044,1.3858911536193272,3.049630767724601,3.28318097894557,4.729552770453971,2.556633777662662,3.226816765049867,1.3398500028846247,3.226816765049867,CNTR
PECAPJ34CLONEC12,1.306145559308774,4.467170774206615,8.058551008286406,8.704410906946793,5.540657607788923,6.159153734231365,2.3808877342068056,3.7511423247269473,3.931588513002569,3.8051634534956595,3.4598250272769815,5.404144059920189,6.370719692336997,7.6700188442644,3.6289856315102114,3.1966969624494785,1.7801485520927685,6.451705665356302,2.9537666598031995,7.4711976236108875,2.769771739249448,4.105175192265479,6.229224725290359,3.252709094691153,6.899054756194414,4.6895787255093255,8.585033882303598,3.6685406003690946,8.705200378063116,4.094959890435021,2.132143873956069,6.336512935644319,0.8888244108932111,2.9465607410385397,2.653442238603923,2.091820708422909,3.3078448273278407,2.013164459198448,2.9518675043269025,5.026947566632928,3.0992952043377753,2.961623328286944,6.26560834949762,2.6353674541583993,2.3542640770070524,2.025914698750793,4.1781170457064,5.28021399581062,4.727557466753789,3.4027221768456046,3.135657989368776,3.7511423247269473,CASE
SKMEL28,1.093560176162338,3.910252962799278,6.985120883581776,9.384445606919098,6.971213018221225,6.531676034833413,3.4626132785757338,2.838951766951943,2.6957711578056713,1.8303567474192197,0.6088092426755238,3.5778172351446322,6.393048762643015,8.775478596936715,5.274159987833637,2.964530656457762,1.7684693739694994,6.984247546994803,2.431520104757209,7.233104336500288,3.628514397385481,4.670327166743909,5.32485059773862,2.518341449642977,4.5410191531335595,5.755688776852708,9.023003013873078,2.837366625160374,8.043847540438906,3.5933537709802965,3.218454895369971,5.5556847081989105,1.6682704378168753,1.3694030308307585,2.560103513464738,2.0275585076434344,2.679681157974295,2.502924600211961,3.7359282842776538,3.9193400824420124,2.888824410893211,2.6663021281730948,7.2433508235115625,5.5477171529263325,0.23878685958711648,2.177917792195843,0.2479275134435855,5.316507819103109,3.656877682843514,3.7398481026993275,2.7167165917059695,3.5933537709802965,CNTR
HEP3B217,1.9415570827172879,1.6907895481073727,6.5660540381710915,7.637276948187609,5.203119568378045,6.221511936984638,1.3840498067951597,4.352264173258321,2.567302057505525,1.7718855785153658,0.5052134490690507,2.941777051132807,5.737967118011279,7.572788635818496,2.1022000117385433,1.9453936693495297,1.843365457823304,5.920888741649518,3.133335889534706,7.915617997361938,2.0012017452097535,3.546840000412174,5.944077555373919,1.8778952305405154,4.484782623077873,4.180307019969433,8.425828525140084,3.4089059151074523,8.94618986502897,4.450692826242412,3.063502942306158,6.426336648012457,0.5849625007211562,1.9359739859290332,0.24590125603060148,1.956587738389646,2.6771054910712153,1.8087282634662976,2.0509369652252256,4.11603199344711,3.37202342389142,3.2381754185773755,5.380393033711306,4.906088875642964,2.7683607904417404,2.3638719248575293,3.816727690127002,5.146899560343589,3.0250287944915226,3.174406418529749,1.6281903346152131,3.174406418529749,CNTR
SUIT2,0.7108780501958792,3.3127619694952877,7.485185284343958,8.303727483136411,6.0579285639953016,6.822574371518965,1.5037121801979911,3.3362833878644325,3.756062552796698,1.254745197629213,1.010541159781586,2.836934011321092,5.505138153797987,7.483788911184667,2.8993514295474325,3.5147534984397537,1.8133668192926315,6.517826836026677,3.1008482986378207,8.330709643834963,3.1265324059289314,2.9945797242157473,5.677038354939821,2.407666505545037,3.053690615744956,3.203201156316611,8.80969418367127,3.9908252323775977,8.167192315020726,3.702657543390911,2.722926140896898,5.717891807672625,0.5176956306425826,0.09638453642434244,3.6347868538255694,2.864504546189873,3.0995356735509145,2.6825732973475787,2.8404632338695426,5.095924419998536,3.617846991403857,3.333709954347277,6.539934245171789,2.3858911536193275,0.08859392326898838,1.6182386555954547,3.466953337123929,5.79960542245267,2.379436131482028,3.910157003835467,0.28835856219366046,3.3127619694952877,CNTR
NCIH1355,1.8775086886714947,2.8589756142920195,6.913607511823099,8.865764196459008,5.8097574122729085,6.209215062984049,2.555114966692605,3.4892860226258766,3.9363081424436106,2.6008049549894734,2.2939589790286945,3.981135040602274,5.571710514255316,7.81326814176608,3.515785838405727,2.772187302879299,2.1741113687555482,5.929159759449551,2.732853607673917,8.76163848958638,3.3211263749218074,4.535577288496352,6.517853075671665,2.973399337849347,5.551105811472026,4.854993016757,8.907091957738238,3.3362833878644325,7.332260378172183,3.1009776477248208,1.8301699095830757,5.318058548425711,1.434739413721392,0.018245708928009766,3.9596156166176835,2.4850587457698805,3.0451433767322866,2.063502942306158,2.807354922057604,5.011376363484044,3.481126689736616,3.1137004991647284,5.887699330588681,1.7253776198909943,0.009586048829197932,2.873813198359087,3.931919390100041,4.507160349117523,4.531485434790501,4.0431694948641095,1.6633446193660848,3.4892860226258766,CNTR
RMUGS,0.8931291860172123,3.672048117484868,6.73407731484138,7.842235090840479,6.011376363484044,6.7057168540594185,0.8886388910522959,3.9868659723291144,3.059528335259631,3.0931798467655045,1.4973994688363177,1.3840498067951597,6.72547356206147,6.520107901637548,2.224264835669219,3.5721967313078897,2.011055188508996,6.539288079065726,3.23017936088319,8.299007630159872,1.9798221180623699,5.060759499136657,6.409579511399834,3.0929359931236617,5.032100843167024,3.1284583841469282,9.608687288401386,3.0811448134565187,9.021507488362586,4.691055526803373,2.573272464612865,6.15232830723177,0.29865831556451516,2.6326912312013824,2.638653116466112,1.9576493241924313,3.0528630026882477,1.3381866797511526,2.834407841806995,5.098733953585359,3.3074285251922473,3.850399396770255,6.341350439431481,0.8506660933309343,0.070389327891398,1.9671686075326276,3.686640587863964,4.9481335778404,4.863442934348041,2.9916805621431246,0.4005379295837288,3.23017936088319,CNTR
CAOV3,1.1051416603234239,4.797791200478888,7.66016232477912,6.603082295700539,4.970853654340483,7.286039165789836,2.9284380059277058,3.201633861169651,3.1644644993886013,0.9671686075326277,0.6891500370626195,4.178543924870238,6.37604336766298,8.722921348773715,2.951825127583493,3.4289463447694826,2.0759275114328277,6.138527801422274,3.8522293793731794,7.858315201493944,2.9688075682779265,4.743654353366082,5.815433110542535,2.951473026504691,5.593054921669878,5.418358634884384,9.975773467431653,3.151255789998242,8.249848245777686,4.1411291222100965,1.435488233586845,6.469909227360968,0.7697717392494479,2.7663060348287623,3.1854701460669417,1.941642928040544,3.147771859203762,1.5525410230287788,3.2807707701306024,4.091981858385756,3.361300483611294,4.345964030342872,6.4287549678320275,1.8953026213333068,0.374807654490311,1.9373443921502325,3.6807463003149903,6.142413437873741,4.997593502292905,4.463753224587391,2.346956889378885,3.6807463003149903,CASE
JHH5,0.9907370786710321,2.6503816274515115,6.7891206109999365,7.8566952629989615,5.572573918043779,6.797546249734532,1.4481458110907823,3.9768218523606853,2.745667602052679,1.3978029618624899,1.64554795964502,0.6262722450271785,5.251242182532001,0.8291730322632951,2.111031312388744,2.377322098623288,1.7856310255945764,6.464123668816128,2.1392679802092767,7.177544117674206,1.6695307637823158,4.922645612223949,5.4734261566824065,1.0437213774293177,2.547614341948852,5.025471814621179,8.432516846132373,3.518355285458181,8.502712485966061,3.8110305802010025,2.257328287488578,5.726519855200943,0.42581733803208643,0.4241891976483741,0.9253665187694164,1.8272383463881525,2.9289793549175056,1.996388746447621,3.4411182445327713,4.272272079778631,2.8959488453265925,2.845188935340077,5.928844036712567,3.0273899980315058,2.187978837110179,2.400537929583729,3.2953556928916723,5.929080835242584,2.0438110944804886,2.657640005207824,3.5273206078770474,2.845188935340077,CNTR
HEPG2,1.8244012785484163,5.442943495848728,6.988571084264851,8.04015270644364,6.150508905163967,6.136956944830388,3.764018513915597,2.9772799234999163,2.3628906426658602,0.8669079781431662,1.698070273895259,1.7136958148433592,6.185169103512193,7.539132956126519,2.4835519795498047,2.0767545293016254,1.3205957613702715,6.182592989648941,1.5310694927259543,6.598648070649809,2.288850697637931,4.154806198207965,5.224323309477754,0.9572002870667322,3.9020735793107426,6.422569410860832,7.8042020245611,3.133986183427695,7.756422887910517,3.0171583752771975,1.9992404869311873,5.446256229889564,1.0612001564367377,0.009151698369530266,0.19639721280350333,1.618909832644494,2.0990546950364113,1.5434958834257717,3.669593751188333,4.520631775074035,2.6166713604484944,2.497229128787606,5.413265245390246,3.8015035921481544,1.1353159645121707,1.3419857472286159,2.5223068928713888,5.390942772802543,2.493134922305505,2.5563067842249767,3.046796609573758,2.9772799234999163,CNTR
DMS273,1.2096405139276003,3.068384192001021,7.290602567077655,8.79207446192887,5.567880042052731,6.347271939888602,2.1412459254357517,4.489286022625876,2.454965473634712,0.4995270242150958,0.23388806017427727,2.401123320154101,6.4839650241521865,7.219458966735173,2.883798520916171,3.705346041367642,2.0107798387532427,5.911212201558612,1.4541758931858022,7.352142766333618,3.15092066620341,5.108721230405629,4.820859719790513,2.618780784382778,5.574505228545609,6.401818163087643,8.307833770855288,2.7444686736636528,8.51353022334923,3.5127686759830103,2.0488969452057835,5.959240239671666,0.7697717392494479,0.019540186395645174,2.4298391016302046,2.097610796626422,2.3297386869173358,2.137503523749935,3.9182669590925627,4.5420516408616525,3.1741933330791157,2.978927776381399,6.7772130377947155,3.8655889425853265,1.6553518286125541,3.708739041359579,4.678001459298962,5.134220939760634,2.149476165416011,7.218044911049086,3.493134922305505,3.5127686759830103,CNTR
JMSU1,0.9837506483549252,4.391859351639529,7.856591524977267,9.401455545589078,6.060263598738293,7.817744045479377,3.104096989569,2.886550147324343,3.634012356402116,4.49641441234776,0.014831351401085748,6.11205965320676,5.740927560318628,8.080817527608327,3.6777644799509344,3.170153982482534,2.674599713205833,6.351469324267079,2.796374122499285,8.68198065522396,3.3650392483623426,4.250827852397917,6.888256181020274,3.750936263703517,4.4781089491215225,6.51853513898218,9.674596589898051,3.1637287354784065,7.431288654291593,3.512226886513957,3.1122611566191263,4.71259578044703,1.7033960614725043,0.051530300640082086,4.647314509547136,2.872125177447842,4.105175192265479,2.3831282513240994,3.1007674495688593,4.530861476715084,3.787989597190673,4.155425431747197,6.130224877622055,3.542258049766918,0.9535756629086479,2.9717734471933728,3.952566540942802,5.9205315062779045,2.270030516035844,3.9780125349367026,1.840966704487421,3.952566540942802,CASE
CAMA1,2.358508792282431,5.2552489319363165,6.354264077007053,7.663605541005522,4.3773262306144405,5.47522902992806,1.4230018229985455,3.628773595201645,2.771463058365651,0.3729520979118291,1.4915965944104483,0.838231463856003,5.541822262992802,8.109430212755644,3.0343437898234056,3.1184071916143123,3.000970718091722,5.799173671726452,2.466677312086347,7.63710483481623,3.242009623348868,3.7264465838266894,5.0648445385883205,2.2692633698724474,4.067523994197009,4.4212232992251375,7.544446746517393,3.2881475956010657,8.105699027658797,3.819084214639711,1.9093183539279808,5.404387392586335,2.5239800679396347,2.978528469697175,2.2039841658559887,2.404436054194937,3.337914934592902,1.8046043110415695,1.4296159642017356,4.995032192477536,3.5193741590935796,2.784085142734757,5.994935246938348,2.4888577325705152,0.014355292977070054,4.0067468324405855,2.582556003014061,5.491211756003092,2.219297614913582,3.2723218527699895,1.3916302615174299,3.2723218527699895,CNTR
KYSE70,3.314232468705355,6.441892875623425,6.659211024068188,7.841742544286837,4.185635325655276,6.206699654119931,2.0461417816447205,3.6604951318885135,2.0789513413948217,2.39780296186249,3.073363250379745,2.4104574087812582,5.284031487128834,7.220007427986149,2.681960297533432,3.3132458517875616,0.7305145532446372,5.578938713093386,0.9832567361654236,5.738835377121867,2.479977818450827,3.8585076436303685,4.708432508894623,1.4889895276686647,5.995182983702224,4.330558400030802,8.426206039174238,3.34726068926929,7.906740307047428,4.226728704557813,3.0942360698457656,6.281645267302927,1.3803600476460984,0.21299372333419844,2.6543973495563105,0.7943415944233534,1.147771859203762,1.447138342445868,3.6919528430476682,4.642509045638126,2.0942360698457656,3.1394694950387962,5.684418022321113,2.84465346348058,0.0,1.2883585621936604,2.49281457256712,4.738227400367242,4.030336078370959,2.6834718928552275,1.5316933608614658,3.3132458517875616,CNTR
LXF289,3.226446874857031,5.838657686629257,6.091417754745768,8.089185620634002,5.17467605968824,5.746700920768924,2.184507008498719,3.5897634869849773,2.59215800212536,1.8191572236749682,2.6961422308911005,3.149166441275515,5.075421703994383,6.51254295509686,1.741417955999916,2.9392265777282085,1.2189003643009204,4.993523412753232,2.9220514339200765,6.245029723651798,2.193246075676931,4.460858178249849,5.368069876532083,3.5874573145560418,6.855657546958012,5.120600773845165,7.81815393865716,2.7262084261569077,7.470252137367446,4.181897643108388,3.0327504758875454,5.023698917266407,1.288850697637931,0.05405912695082071,5.020220669567502,1.186319439692981,2.1134147509630434,2.3729520979118295,2.9604653741025477,4.364572432295856,2.7817094153906035,3.406264540610686,5.95748350289403,2.7513208871432764,0.15488560197817128,1.5533605033353275,2.868637384170314,5.167919865551935,0.5881649327595001,3.5008020530571575,0.9763636357327617,3.226446874857031,CNTR
SKMEL30,1.6156046263592656,4.359661722333877,7.930106513311083,9.250428704678773,6.299314880728788,6.9436739296497,3.0443941193584534,3.0891591319112384,2.693765712217783,0.1160319934471103,1.7865963618908067,4.2299723851122515,6.512338103726064,8.603477988254005,4.791956108315434,3.0125686735030555,2.742503777707636,6.898833127030311,2.163746426513188,8.298475034735851,3.6086778437009,4.297320908843013,6.3894520890843705,3.449612163898446,4.836597444180667,6.035183996618336,9.519172314454503,3.2961427176457323,8.24880520227444,3.7426222207142206,3.01040295916884,5.372504418994726,2.1575827331448965,1.3749762231696978,4.7564896067599705,2.7889839421475964,3.6005076453457856,2.5889644312786526,3.030777471992541,5.177386314922973,3.5352235268107064,3.1534810985136996,7.300123724569014,3.8529975876133165,0.16349873228287956,2.0959244199985356,2.1870550899680574,5.588564737401351,2.630716095886772,4.056930288382672,1.8933622107638715,3.6086778437009,CNTR
LN18,1.931304843650669,5.300733872618239,8.73618768168016,9.504600531376964,6.556767874634431,7.655375682500021,2.931683057059806,3.441616269406558,3.0230778881213616,3.940166750482817,2.4545268711806942,5.068547981067231,6.6620894277162375,7.488402535029733,3.3168039961902935,4.169581461723844,2.4978579767190547,6.975599617793554,3.8922415548149596,8.184038485847147,3.6429582334672292,5.210599726468677,6.192501051717267,3.7052123431392787,6.467659887855961,7.38646609286931,9.557923146427765,2.6915341649192004,8.612555234474623,4.547819956577703,2.8658146526056028,6.654779216959517,2.0137599989554658,0.0013109451523470883,3.3153005428478135,4.47230208447608,3.612015420470547,1.9088129077395473,2.4008794362821844,4.066950243924627,4.330558400030802,3.3476656563009706,7.981338944144316,4.045559462750482,5.146220740851044,2.92837032301897,2.754620311674532,6.554128343600879,1.0885939232689887,4.159306254641169,3.103917210752066,4.066950243924627,CASE
KYSE510,1.4453029421365131,4.263159634343129,7.145032037641473,8.601411772001537,4.701826258412055,6.589763486984977,1.7330443835730198,3.229587922740652,3.9752633216784936,2.7676547982373463,1.739128015316827,2.9974214558982237,5.820821908362365,7.8166423689938,2.789444724199837,2.946998149634523,1.792054433538339,6.482310505807648,2.4982508675278257,7.930352961864433,2.5934865730276946,4.142173144890143,5.914351909089179,1.702828004198209,6.57384912542148,4.846242565109514,8.78959885005233,4.711022846317287,7.617798025902779,3.600337726608072,1.795591980219157,5.206051504817165,1.3180757693917557,1.9068905956085185,2.471837762422287,1.775803081816804,3.3983894630051523,1.71002576697029,2.8850862252901703,4.614120868789254,2.9240998856407416,3.0043216059500937,5.975676037797327,2.826463745005309,2.1429579538420427,2.765534746362977,3.911451911626604,5.316869805064333,2.1429579538420427,3.556061490499845,2.2012417711982497,3.229587922740652,CNTR
WM793,2.564036661866608,4.232660756790275,7.2444748378881005,8.227519680316778,5.839487259271387,6.668365000465019,3.260670916519759,4.127633279725874,2.4954393429512844,0.9354597478052895,2.6566489075636697,4.697702343770156,5.815148431777475,7.14336620599047,3.5161297876363196,3.551076506568746,1.4654722207945967,7.017884801166131,4.9654291160140875,7.23502095050173,2.3692338096657193,3.3825045121875204,5.916450104549732,3.5891181302124675,2.68855338898096,5.0895828931247085,8.842010845814668,3.347665656300971,8.891753330371419,5.88790817468877,2.8110383085587185,7.811617817429377,1.1624248989315615,0.02728275439340474,3.7469397330835474,2.9645306564577614,2.6605766239686828,2.9436088181496016,2.525129251203973,5.784242222057781,3.290326097501534,2.7463127664254587,6.638363505897862,3.421784331719429,0.06580205839574609,2.5777309314900805,3.9414584884267323,5.920055054806967,1.572081209424424,3.7141355938563327,0.29865831556451516,3.551076506568746,CNTR
CAL27,1.5362518789372896,4.578737486363038,7.469370480951169,8.42705438614354,5.830156006991165,6.415319248140376,2.86195536414487,3.9736112755194717,2.763411574470007,3.314333993919013,1.8282253603588847,2.942313418846352,6.046327750657269,6.417346217270283,2.4630041215958505,2.946998149634523,1.4754840239226632,6.022367813028454,3.2454722597322516,6.6131448491817215,2.063886382850844,4.227052429924788,5.418939516747836,2.5522257143091562,6.537606691495291,4.668459556915382,8.54333347829528,3.0423941952247913,8.647152585863498,3.903176030441581,2.2276438078489647,6.611572885672212,0.48542682717024166,2.277984747299765,2.401675971009696,1.8341911070299195,3.0461417816447205,1.6001111371556056,2.5668151540108965,4.3221685240256384,3.004800986263821,2.959399234772121,6.3563450650265905,3.2270222186305175,2.5084286525318573,1.59215800212536,3.370687406807218,4.853496703702325,3.4646682670034443,3.0111377831889925,2.9916352164769866,3.2270222186305175,CNTR
HGC27,1.6048304370991027,2.444490385065814,8.139414920885061,8.880384524302022,5.781884234541486,6.596256028296237,2.292781749227846,3.5172756932095814,3.169925001442312,1.2403143293337102,0.06901467791518046,0.5138516449122988,5.4987827366733475,8.078986910360712,2.8192965943016417,3.7024992403193866,2.361768359419153,5.744564778371409,2.6097185998067274,8.456421157463128,2.727073340896599,5.161034044709045,5.602884408718419,2.468282536219563,5.179643742388494,0.16349873228287956,9.141253955310107,5.728387019017507,8.09362883606322,4.040266233735776,1.6497969567728585,5.39741182859701,0.47854044158500186,0.013056152825446284,3.393118697467999,2.216787423840199,3.379106017977879,1.390484264919806,3.4083722035726773,5.3377110921282895,3.944858445807539,3.1345495344644543,5.858798054010582,3.4711874603869854,0.09761079662642233,2.657068301201576,3.871350840634026,5.237257770900372,1.565597175854225,4.181420640280142,0.8894735425311092,3.4083722035726773,CNTR
NCIH358,3.5660357664559243,5.482579419495707,7.048468709634475,9.289569375113526,5.733670686419478,6.658513004659589,2.4371516293383153,3.2071119612077132,3.51790555352995,1.437627248318949,1.2529807411698708,2.48910248531364,6.229103639151931,7.994259139983705,3.1369072455679032,3.375138752887764,2.4718877735165248,6.1936731952876976,3.439827688109124,8.01517806852086,2.1246957474493144,4.391913249911321,6.224044563045272,3.104078551746977,3.086330871760419,4.899175630480513,8.348679473515755,3.885434912915043,7.567537842323426,3.075777093599678,2.420815675644319,5.349385499125528,0.989139007368233,3.355375124455795,3.171660534481997,2.5051650454173413,2.9459286944032748,2.358490037837664,0.32048467801769365,4.9766691296546846,3.791814071161826,3.1163647566917847,7.350130970233425,3.324810603420484,0.11103131238874395,3.1894292458097566,4.156740421183133,5.791814071161826,2.2539892662307865,3.9758135836040083,2.2172307162206693,3.375138752887764,CNTR
IGR1,2.383828687162435,4.291063232001546,7.216616535196685,8.231029128655406,6.3207103071201205,7.283716034526385,3.1740411099145445,3.0197019144425483,2.8024000401148395,0.09761079662642233,0.8647309223147511,3.215456728858027,6.210896782498619,7.83322744722461,2.9316830570598054,2.343204754517777,2.102787318293835,6.37147174071569,2.539111078472553,7.960088838790248,2.200936738642972,4.68699479831495,5.98522210580496,2.694280194852973,5.839959587489532,5.93451650158608,9.652160202434098,3.1987186452042895,7.972979786066291,3.658456332418474,3.206659673481892,5.6519127446457835,1.6644828403646825,0.7716935392417525,3.71699089440494,2.3597621081698352,3.153342117246708,2.1429579538420427,2.757556688939453,4.838447592548458,3.4944156103974966,2.7642612182171136,8.327302416238311,4.613531652917927,2.013164459198448,2.2949882676914464,1.1826922975161902,5.191799501065075,1.2469147404705168,3.963289151214726,1.3687683490903348,3.206659673481892,CNTR
HT55,1.5208496504080753,5.639473364166176,5.991408466764788,6.442169428817073,5.094218472462867,5.887389876340391,1.0869778202200902,3.4620523187964327,3.264236151043547,1.5141222601707074,0.6986629998858842,0.5753123306874368,4.058829567849047,6.8312861284621516,1.9228897884772038,3.114367024952,1.6167919820815138,5.836471211257346,1.8439838440483267,6.613329054371054,2.4681488357384063,4.0658865149345385,5.3128426278153205,1.101753498800733,3.92283213947754,2.763411574470007,7.5075171721642056,3.668216399234946,8.320304149325612,3.3225462603074702,1.854940540807521,5.763373632275286,1.1088032114966264,2.854539752421722,0.992768430768924,1.2604558617320176,1.9140177374192158,1.9152021787710114,3.8314972679554073,4.290571850852079,2.7420062108667365,2.084744620868468,5.876867711225344,1.9385994553358568,0.43295940727610605,3.1647058401828,3.8223477575970355,4.555202633878297,4.116863757690899,3.020413302544186,0.5825560030140611,3.1647058401828,CNTR
RKO,1.059355277616421,1.6825732973475784,6.701456644616171,6.553206886230259,4.401334652832743,6.165822632857423,1.3641721839812098,4.242983516109694,2.999819651847895,0.9136075118230993,0.27301849440641585,0.3350585158161373,4.013660759399733,7.234258602828997,2.3365430755693706,2.4020984435713455,1.8095727473074228,6.679667754948074,1.7697717392494476,6.358980796532493,3.368457958589807,2.960206410140975,5.1255225331300664,1.414343729108759,0.6690267655096306,0.46466826700344427,7.378485612892321,5.273249449263128,8.199721415261733,3.5538870664073774,3.026800059343715,6.035969461668657,0.7166251458820306,0.003929267179360588,1.9445461403531559,1.994838294884221,1.230027299945476,2.996388746447621,2.773205156985566,5.624490864907794,2.184809238528292,2.1137004991647284,4.6984566318619905,2.3868109464722167,0.023846741954367662,3.0373822220030804,4.458693688163534,6.0430819818956625,1.6930222465786091,3.5866446638643827,2.1981012093248227,2.960206410140975,CNTR
NCIH650,3.4150555328541454,4.104336659814735,6.893645349905069,8.340376816913139,4.879297336916005,7.451467568155267,2.0087327365426018,3.9527994778999385,2.7050932197348923,0.7387678368001915,1.1488256679040258,4.415874534784508,5.568538864775396,8.74649192756085,3.292514062977725,3.0343666590708587,1.0682739388893927,5.687480666521759,1.8929140528392046,6.8529195851239955,3.678823113169646,3.9628755969169593,5.429615964201735,3.023118843331011,5.620684150707387,5.7608862427849115,9.335941867956388,3.0725958463549983,8.590530912829056,3.851142214598874,2.1758187156711863,6.4585413698057845,1.6825732973475784,0.03498399176019928,4.389968269310832,1.8774638154956185,2.9969051935771343,2.554588851677637,1.8923910259134034,5.649232222232656,3.4664096009998695,3.0236102151826456,7.2494317961161325,4.262032186244417,0.14186871631133674,2.2203299548795554,3.541328977045603,5.960233671694454,1.0885939232689887,3.6021717907533795,1.7328118720829429,3.6021717907533795,CNTR
HEC1A,1.5605193215443685,4.32000321796287,7.115997326194742,8.449169284641835,5.779675586711846,6.561546777441749,2.419153607751076,4.108942568660791,3.5278210223950333,0.7037651787934099,0.7921612484083309,4.51127826508303,5.393093267014792,7.711540793167192,3.4810875387293847,3.157274744662991,1.9413952834142758,6.209648311246554,3.6596611406649573,8.450587526726743,2.6900445467787137,4.86868095586259,6.012394856319065,2.5486263157147744,3.7527485914071335,5.538072502737853,8.522581531254831,3.375734538583156,8.645964589879979,4.146841388329271,2.759155833800272,6.262417049322509,0.9310526462825086,2.624207260613409,3.4039493642328646,2.915111102413487,3.758242253796621,2.2438721487468993,0.4032677223393011,5.107966785707874,3.848330825093853,4.01827808502435,6.259407010329304,2.587364990936461,0.0,2.171527106038814,3.937697489041464,5.246408087246385,3.76906643733323,3.8261925362366016,1.598126959919604,3.76906643733323,CASE
REH,0.24804899843720607,2.4854268271702415,7.020702203791045,8.163121303843111,5.164638805122922,5.6207818843416,1.0850361038557994,3.5987224996766214,2.8958842359515002,0.23878685958711648,0.07541853452125537,0.7745988287912139,4.539962956949309,8.004894596640444,3.831140232214782,3.522486254473023,2.3626317317015864,6.363667546101079,1.7160622747263248,8.440806891660694,4.039138393906958,3.972422359850614,5.137731203864175,2.806879229892755,2.62760683812965,4.115615931428109,8.899680171250306,3.240096218358786,8.508646529936765,3.792855352362489,1.6943523882621772,5.3509013067537365,0.6930222465786092,0.009151698369530266,3.4741115139424075,3.105294942839599,3.3311728793646704,2.389566811762726,3.440620047679168,5.3567307249402125,3.8649289722897877,3.288063200325316,6.378288662080668,3.3214471163728594,0.03327615487429864,3.425593577653059,3.575917361118149,5.759688488427289,0.04264433740849372,4.015782997240928,0.10097764772482092,3.4741115139424075,CNTR
HCT116,1.0126401807787704,4.860549026942701,7.809778845068317,8.609800508530288,5.728203975256042,6.955398055596628,1.820835412557609,4.02945288578697,2.9876846775667607,2.5058909297299574,1.4702331535209685,3.4868982143869096,5.75329352246129,7.218619740135011,3.676841811213285,3.305970520984386,1.6953086100379415,6.202450373184704,3.0627062400083838,8.193981135779731,3.089535814691678,4.859589595512134,6.578167191493441,2.2539892662307865,3.004800986263821,4.031659854308054,8.841460564299956,4.254637231676617,7.960581211353474,3.695357563908457,2.5614869307923134,5.800123352826528,0.5393656342810456,2.501960193153782,4.169925001442312,2.849427442161391,3.0703893278913976,3.4530785362903536,3.639087423340363,5.203592714207708,3.6900445467787137,4.005579639699847,6.1168934546895075,3.5012268123833197,0.023846741954367662,2.4783247114850275,3.854619083961035,5.870118083965933,2.9891390073682333,4.625270489374693,2.985272714253447,3.6900445467787137,CASE
LNCAPCLONEFGC,3.894138688199671,2.8589756142920195,7.7403429543685265,8.189701035181077,5.83084263491992,7.248770948159739,3.976625491626191,3.7734689279051943,2.532815644108173,0.2630344058337938,3.528487971862393,1.0855217780030857,6.5230449557891985,8.656222240080485,2.165546560931738,2.994838294884221,1.4658740297488413,5.754798444165299,1.4574124510006452,7.046182717099092,2.522725368593217,5.775732271222852,4.641995516808361,2.4160082173705657,7.333632441868903,8.08483495652916,8.71806702869857,2.9860207892071498,8.292459683138576,3.281592282561165,1.25032335408424,5.916340148383791,3.530861476715084,2.175161649808459,3.4267120326597618,1.6202512507242954,2.1024181820840355,1.3248106034204836,3.097610796626422,4.236237477335295,2.37202342389142,2.9061209529970995,7.793319967501697,3.426264754702098,0.48198774320347076,3.7070829917717063,3.3708617400852847,4.512226886513957,2.937972060222299,3.2421451608495793,3.3312752671466153,3.426264754702098,CNTR
HT115,1.95769177138088,2.177917792195843,6.737821940144173,7.405637880438473,4.839371777738597,6.81386668172347,1.3609661936821185,4.173127433480656,3.280510968854256,1.6246858105253985,1.197865391353738,1.144046369616707,4.866358526546134,7.643327104588186,2.61973312340001,3.294043030124928,2.0759275114328277,5.359778838463413,2.661504055594149,7.460097481838777,2.668774700331932,4.22374052929,5.569315551222629,1.1069152039165118,5.1425495861342005,3.411426245726465,8.280278963887689,3.407741198918609,8.731726322715781,3.5706364048482775,2.2087143851985753,6.1238257987103975,0.5260688116675876,2.2019189505967,3.083497056194225,1.3641721839812098,2.5356975128653643,1.7990873060740036,2.766065051474954,4.6935798817234335,2.626828475531385,2.9022665690830713,5.623724752000279,2.1210154009613658,4.219813877234672,2.271276259175926,4.25067740130403,4.83035674741922,1.4594316186372973,3.4810405561182205,1.1866590172021136,3.280510968854256,CNTR
HCT15,1.2826177214813486,4.24069594421251,7.955727391586069,8.618250893388293,5.935587431666937,7.2547976781600605,3.2940430301249277,4.198101209324823,3.886842753560188,0.6040713236688608,0.6574875729565451,3.7209819710781673,6.220974792435944,7.566333160604265,3.1061655572169276,3.4344852615070662,2.1243281350022016,6.020294762217848,3.3882955280491918,8.508101774716907,2.991761173141686,4.889988821436839,6.3732808599952095,1.8624132414428327,3.814892172851275,0.8836208162856715,8.91718109996475,3.8308637567517576,8.059263332299277,3.211012193485512,2.9635714685342083,6.188864324884342,1.8413022539809418,1.0426443374084937,3.4922804982113043,2.7290088703378634,3.30555367757181,2.4091646132819724,4.034963989749303,4.964398632203184,3.550900664647523,3.9390384696321226,6.267749800151882,4.1034976397033365,3.013164459198448,2.801676029253587,4.146288637175074,5.265286857565172,2.619804249933457,4.175205208783747,2.548436624696042,3.814892172851275,CASE
WM2664,1.403376806687082,2.4703199347800333,7.14700135572489,8.190343242955398,6.163263899525644,6.05997530477902,4.183486514459391,3.7355221772965375,3.254291686322218,2.933572638261024,4.517947534442231,3.3183168413349833,5.611434712082347,7.4497539411906235,2.6297275132739406,3.6047491226199653,2.8932128402568384,6.014838788567668,3.4850304279258495,7.454936694436469,2.2002392790978975,4.3410648334907,4.854272763452554,2.184890597335074,4.655542648669824,4.292045492492862,8.850218098304726,3.33199177823206,8.235990266410804,4.318833288464496,2.765534746362977,6.377916983536214,1.5277376320282063,1.6139601974156241,3.0116745333809183,2.483585480346074,2.7438534518884916,2.251971510599936,2.8733210629148167,4.819838463230013,3.6028844087184186,2.5543432656627645,6.803024023207739,3.3734162108451833,0.6476982560691188,2.4402878208404197,2.3294824310256357,5.106850796450224,2.644625422019496,3.731400498562429,2.1634987322828794,3.4850304279258495,CNTR
8305C,3.3640120535586147,4.890933021705543,7.597034498128526,9.500071705649388,6.9444094854551,7.166190984804316,2.582900034264264,3.4594316186372973,3.302319050948834,3.9942402798690444,3.7266495974639406,6.45945503882124,6.618488829840085,7.928469026199721,3.679608049045762,3.605934505078369,1.3716660823393274,6.901128360776979,2.4011683403610258,8.166884877380516,3.011376363484044,4.606442228131607,6.304409634242387,3.42192239857035,4.651147389168476,6.380677507222885,9.450885438195693,3.584103497992064,8.199255178819746,3.4918530963296748,2.6761723721971564,7.239523520112867,1.2560042037662649,0.016950068929937386,4.418302408096339,2.572543241467088,2.6706461337803256,2.513911786023294,2.4276061727818994,5.5109619192773796,3.605652359488341,3.1702455647234644,7.762747441953151,4.3471931837109,4.43095427138573,3.333423733725192,3.91707366287822,6.527320607877047,2.1900880407620185,3.6217588567097327,2.7054250390427272,3.7266495974639406,CASE
